Account Number,Organization,City name,Country,Region,Access,C40,First time discloser,Population,Population year,City Location,Country Location
59163,City of Tirana,Tirana,Albania,Europe,Public,,NO,780531,2016,"(41.327546, 19.818698)","(41.153332, 20.168331)"
31155,City of Buenos Aires,Buenos Aires,Argentina,Latin America,Public,C40,NO,3059122,2016,"(-34.6037232, -58.3815931)","(-38.416097, -63.616672)"
60416,Municipalidad de San Isidro (Argentina),San Isidro,Argentina,Latin America,Public,,NO,292878,2010,"(-32.977511, -68.812232)","(-38.416097, -63.616672)"
55371,Municipalidad de Vicente López,Vicente López,Argentina,Latin America,Public,,NO,269420,2010,"(-32.89414, -68.832993)","(-38.416097, -63.616672)"
50357,Ciudad de Mendoza,Mendoza,Argentina,Latin America,Public,,NO,114822,2010,"(-32.889459, -68.845839)","(-38.416097, -63.616672)"
69825,Municipalidad de Viedma,Viedma,Argentina,Latin America,Public,,YES,52789,2010,"(-40.810253, -62.995996)","(-38.416097, -63.616672)"
60292,Prefeitura de Jahu,Jahu,Brazil,Latin America,Private,,NO,144828,2016,"(-22.30275, -48.575549)","(-14.235004, -51.92528)"
69834,Municipalidad de General Alvear (Mendoza),"General Alvear, Buenos Aires",Argentina,Latin America,Public,,YES,46429,2010,"(-34.978044, -67.69549)","(-38.416097, -63.616672)"
43928,Canberra,Canberra,Australia,South Asia and Oceania,Public,,NO,400000,2016,"(-35.3075, 149.1244)","(-25.274398, 133.775136)"
31114,City of Sydney,Sydney,Australia,South Asia and Oceania,Public,C40,NO,210931,2016,"(-33.8674869, 151.2069902)","(-25.274398, 133.775136)"
54253,Wollongong City Council,Wollongong,Australia,South Asia and Oceania,Public,,YES,208875,2016,"(-34.4278, 150.8931)","(-25.274398, 133.775136)"
54254,Cairns Regional Council,Cairns,Australia,South Asia and Oceania,Private,,NO,160285,2015,"(-17.344241, 145.926857)","(-25.274398, 133.775136)"
31109,City of Melbourne,Melbourne,Australia,South Asia and Oceania,Public,C40,NO,136336,2015,"(-37.814107, 144.96328)","(-25.274398, 133.775136)"
53254,Hobart City Council,Hobart,Australia,South Asia and Oceania,Public,,NO,50655,2016,"(-42.890054, 147.281446)","(-25.274398, 133.775136)"
58543,Byron Shire Council,Byron Shire,Australia,South Asia and Oceania,Public,,NO,29209,2011,"(-28.6534, 153.5334)","(-25.274398, 133.775136)"
32480,City of Adelaide,Adelaide,Australia,South Asia and Oceania,Public,,NO,23615,2016,"(-34.928499, 138.600746)","(-25.274398, 133.775136)"
43934,City of Perth,Perth,Australia,South Asia and Oceania,Private,,NO,20762,2014,"(56.394994, -3.430838)","(-25.274398, 133.775136)"
50782,Dhaka City,Dhaka,Bangladesh,South and West Asia,Public,C40,NO,14543124,2011,"(23.810332, 90.412518)","(23.685, 90.3563)"
50364,Municipalidad de La Paz,La Paz,Bolivia,Latin America,Private,,NO,2842031,2016,"(-16.5, -68.15)","(-16.290154, -63.588653)"
60394,Gobierno Autónomo Municipal de Tarija,Tarija,Bolivia,Latin America,Public,,NO,2053757,2012,"(-21.266606, -63.488416)","(-16.290154, -63.588653)"
31184,Prefeitura de São Paulo,São Paulo,Brazil,Latin America,Public,C40,NO,11895893,2014,"(-23.5595, -46.738229)","(-14.235004, -51.92528)"
31176,Prefeitura do Rio de Janeiro,Rio de Janeiro,Brazil,Latin America,Public,C40,NO,6498837,2016,"(-22.9054389, -43.5614471)","(-14.235004, -51.92528)"
42120,City of Salvador,Salvador,Brazil,Latin America,Public,C40,NO,2902927,2014,"(-12.97304, -38.502304)","(-14.235004, -51.92528)"
35865,Municipality of Fortaleza,Fortaleza,Brazil,Latin America,Private,,NO,2609716,2016,"(-10.718356, -48.393612)","(-14.235004, -51.92528)"
35848,Municipality of Belo Horizonte,Belo Horizonte,Brazil,Latin America,Public,,NO,2513451,2016,"(-19.916681, -43.934493)","(-14.235004, -51.92528)"
50391,Prefeitura de Manaus,Manaus,Brazil,Latin America,Public,,NO,2057711,2016,"(-3.119028, -60.021731)","(-14.235004, -51.92528)"
31156,Municipality of Curitiba,Curitiba,Brazil,Latin America,Public,C40,NO,1751907,2010,"(-25.431063, -49.264693)","(-14.235004, -51.92528)"
35872,Municipality of Recife,Recife,Brazil,Latin America,Public,,NO,1625583,2016,"(-8.057838, -34.882897)","(-14.235004, -51.92528)"
35995,City of Brasília,Brasília,Brazil,Latin America,Public,,NO,1409671,2015,"(-15.794229, -47.882166)","(-14.235004, -51.92528)"
36041,Municipality of Belém,Belém,Brazil,Latin America,Public,,NO,1393399,2010,"(-28.242303, 28.311126)","(-14.235004, -51.92528)"
50387,Prefeitura de Guarulhos,Guarulhos,Brazil,Latin America,Public,,NO,1337087,2016,"(-23.45425, -46.533793)","(-14.235004, -51.92528)"
42123,City of Goiânia,Goiânia,Brazil,Latin America,Public,,NO,1301892,2010,"(-16.6868912, -49.2647943)","(-14.235004, -51.92528)"
35897,Municipality of Campinas,Campinas,Brazil,Latin America,Public,,NO,1142620,2016,"(-22.744027, -46.937174)","(-14.235004, -51.92528)"
50395,Prefeitura de São Luís,São Luís,Brazil,Latin America,Public,,NO,1050000,2010,"(-6.534403, -38.056967)","(-14.235004, -51.92528)"
50389,Prefeitura de Maceió,Maceió,Brazil,Latin America,Public,,NO,1021709,2017,"(-9.673422, -35.717987)","(-14.235004, -51.92528)"
54646,Prefeitura de Duque de Caxias,Duque de Caxias,Brazil,Latin America,Public,,NO,886917,2016,"(-22.806259, -43.303316)","(-14.235004, -51.92528)"
50388,Prefeitura de Natal,Natal,Brazil,Latin America,Public,,NO,869954,2015,"(-5.779257, -35.200916)","(-14.235004, -51.92528)"
50394,Prefeitura Municipal de João Pessoa,João Pessoa,Brazil,Latin America,Private,,YES,801718,2016,"(-7.168822, -34.863909)","(-14.235004, -51.92528)"
50385,Prefeitura de Campo Grande,Campo Grande,Brazil,Latin America,Private,,NO,786797,2010,"(-7.108012, -37.714174)","(-14.235004, -51.92528)"
54663,Prefeitura do Jaboatão dos Guararapes,Jaboatão dos Guararapes,Brazil,Latin America,Public,,NO,680943,2014,"(-8.172166, -34.998683)","(-14.235004, -51.92528)"
50383,Prefeitura de Sorocaba,Sorocaba,Brazil,Latin America,Public,,NO,652481,2016,"(-23.4774899, -47.4220615)","(-14.235004, -51.92528)"
52638,Prefeitura de Aracaju,Aracaju,Brazil,Latin America,Public,,NO,641523,2016,"(-10.947247, -37.073082)","(-14.235004, -51.92528)"
54687,Prefeitura Municipal de São José dos Campos,São José dos Campos,Brazil,Latin America,Public,,YES,629921,2010,"(-23.184768, -45.878284)","(-14.235004, -51.92528)"
50386,Prefeitura de Cuiabá,Cuiabá,Brazil,Latin America,Public,,NO,580489,2015,"(-15.881977, -52.266326)","(-14.235004, -51.92528)"
54627,Prefeitura de Joinville,Joinville,Brazil,Latin America,Public,,YES,562601,2015,"(-26.300964, -48.840707)","(-14.235004, -51.92528)"
60287,Prefeitura de Feira de Santana,Feira de Santana,Brazil,Latin America,Public,,NO,556642,2010,"(-12.259727, -38.964661)","(-14.235004, -51.92528)"
50384,Prefeitura de Florianópolis,Florianópolis,Brazil,Latin America,Public,,NO,550000,2010,"(-27.5949884, -48.5481743)","(-14.235004, -51.92528)"
54668,Prefeitura Municipal de Aparecida de Goiânia,Aparecida de Goiânia,Brazil,Latin America,Private,,NO,511323,2014,"(-16.686891, -49.264794)","(-14.235004, -51.92528)"
54625,Prefeitura de Londrina,Londrina,Brazil,Latin America,Private,,YES,506701,2010,"(-23.335612, -51.150494)","(-14.235004, -51.92528)"
57509,Prefeitura Niterói,Niterói,Brazil,Latin America,Public,,YES,497883,2016,"(-22.892857, -43.118381)","(-14.235004, -51.92528)"
60318,Prefeitura de Porto Velho,Porto Velho,Brazil,Latin America,Public,,NO,494013,2013,"(-20.333764, -40.377582)","(-14.235004, -51.92528)"
60279,Prefeitura de Campos de Goytacazes,Campos de Goytacazes,Brazil,Latin America,Public,,NO,483970,2015,"(-21.832284, -41.268354)","(-14.235004, -51.92528)"
52164,Prefeitura Municipal de Macapá,Macapá,Brazil,Latin America,Private,,NO,456171,2015,"(0.0356, -51.0705)","(-14.235004, -51.92528)"
54614,Prefeitura da Cidade de São José do Rio Preto,São José do Rio Preto,Brazil,Latin America,Public,,NO,442548,2015,"(-20.811761, -49.376227)","(-14.235004, -51.92528)"
50396,Prefeitura Municipal de Santos,Santos,Brazil,Latin America,Public,,NO,419400,2010,"(-23.967882, -46.328887)","(-14.235004, -51.92528)"
60272,Prefeitura de Campina Grande,Campina Grande,Brazil,Latin America,Public,,YES,408000,2016,"(-7.2291, -35.8808)","(-14.235004, -51.92528)"
54647,Prefeitura de Jundiaí,Jundiaí,Brazil,Latin America,Private,,NO,401896,2015,"(-23.185708, -46.897806)","(-14.235004, -51.92528)"
54662,Prefeitura do Município de Maringá,Maringá,Brazil,Latin America,Private,,YES,390300,2015,"(-23.42573, -51.938301)","(-14.235004, -51.92528)"
54623,Prefeitura de Betim,Betim,Brazil,Latin America,Public,,NO,378089,2010,"(-19.967308, -44.20119)","(-14.235004, -51.92528)"
51374,Prefeitura de Rio Branco,Rio Branco,Brazil,Latin America,Public,,NO,363928,2014,"(-20.333764, -40.377582)","(-14.235004, -51.92528)"
50392,Prefeitura de Vitória,Vitória,Brazil,Latin America,Public,,NO,359555,2016,"(-20.333764, -40.377582)","(-14.235004, -51.92528)"
54606,Prefeitura Municipal de Bauru,Bauru,Brazil,Latin America,Private,,NO,343937,2010,"(-22.314459, -49.058695)","(-14.235004, -51.92528)"
55372,Prefeitura Municipal de Canoas,Canoas,Brazil,Latin America,Public,,NO,341343,2015,"(-29.913258, -51.186192)","(-14.235004, -51.92528)"
54682,Prefeitura Municipal de Petrolina,Petrolina,Brazil,Latin America,Public,,YES,330000,2016,"(-9.3835, -40.5079)","(-14.235004, -51.92528)"
54706,Prefeitura Municipal de Boa Vista,Boa Vista,Brazil,Latin America,Public,,YES,326414,2016,"(2.830671, -60.677881)","(-14.235004, -51.92528)"
54709,Prefeitura de Blumenau,Blumenau,Brazil,Latin America,Private,,NO,309011,2010,"(-26.916579, -49.071733)","(-14.235004, -51.92528)"
54650,Prefeitura de Palmas,Palmas,Brazil,Latin America,Public,,NO,279856,2016,"(-10.249091, -48.324286)","(-14.235004, -51.92528)"
54641,Prefeitura de Limeira,Limeira,Brazil,Latin America,Public,,NO,276022,2010,"(-22.566535, -47.397437)","(-14.235004, -51.92528)"
60349,Prefeitura de São Leopoldo,São Leopoldo,Brazil,Latin America,Private,,YES,229000,2017,"(-29.760995, -51.149329)","(-14.235004, -51.92528)"
60284,Prefeitura de Angra dos Reis,Angra dos Reis,Brazil,Latin America,Public,,YES,191504,2016,"(-22.998285, -44.244207)","(-14.235004, -51.92528)"
60340,Prefeitura de Rio Verde,Rio Verde,Brazil,Latin America,Public,,NO,176424,2010,"(-17.968494, -50.489185)","(-14.235004, -51.92528)"
60264,Prefeitura de Botucatu,Botucatu,Brazil,Latin America,Public,,YES,141032,2015,"(-22.885184, -48.444139)","(-14.235004, -51.92528)"
54683,Prefeitura Municipal de Franco da Rocha,Franco da Rocha,Brazil,Latin America,Public,,NO,131000,2010,"(-23.30943, -46.732043)","(-14.235004, -51.92528)"
60258,Prefeitura de Brusque,Brusque,Brazil,Latin America,Public,,YES,125810,2016,"(-27.093638, -48.920654)","(-14.235004, -51.92528)"
54692,Prefeitura Municipal de Sertãozinho,Sertãozinho,Brazil,Latin America,Public,,NO,121412,2016,"(-21.145069, -47.994746)","(-14.235004, -51.92528)"
60252,Prefeitura de Birigui,Birigui,Brazil,Latin America,Public,,NO,120000,2015,"(-21.291505, -50.343631)","(-14.235004, -51.92528)"
55380,Prefeitura Municipal de Cubatão,Cubatão,Brazil,Latin America,Public,,NO,118720,2010,"(-23.899384, -46.423414)","(-14.235004, -51.92528)"
54649,Prefeitura de Tatuí,Tatuí,Brazil,Latin America,Public,,NO,112459,2014,"(-23.349219, -47.846576)","(-14.235004, -51.92528)"
73247,Prefeitura de Bayeux,Bayeux,Brazil,Latin America,Public,,YES,98716,2016,"(-7.125052, -34.926819)","(-14.235004, -51.92528)"
50794,Prefeitura Municipal de Caieiras,Caieiras,Brazil,Latin America,Public,,NO,95780,2015,"(-23.36122, -46.740187)","(-14.235004, -51.92528)"
54703,Prefeitura Municipal de Mairiporã,Mairiporã,Brazil,Latin America,Public,,NO,90000,2015,"(-23.317956, -46.588517)","(-14.235004, -51.92528)"
54654,Prefeitura de São João da Boa Vista,São João da Boa Vista,Brazil,Latin America,Public,,NO,89564,2016,"(-18.405613, -49.196454)","(-14.235004, -51.92528)"
54633,Prefeitura de Lorena,Lorena,Brazil,Latin America,Public,,NO,87584,2016,"(-22.733872, -45.120111)","(-14.235004, -51.92528)"
54615,Prefeitura da Estância Turística de São Roque,São Roque,Brazil,Latin America,Private,,YES,78821,2010,"(-23.542798, -47.129438)","(-14.235004, -51.92528)"
60274,Prefeitura de Cruzeiro do Sul,Cruzeiro do Sul,Brazil,Latin America,Public,,YES,78507,2010,"(-7.627998, -72.676149)","(-14.235004, -51.92528)"
54631,Prefeitura de Cajamar,Cajamar,Brazil,Latin America,Public,,YES,73588,2017,"(-23.364604, -46.872547)","(-14.235004, -51.92528)"
54656,Prefeitura de Vinhedo,Vinhedo,Brazil,Latin America,Public,,NO,71217,2014,"(-23.030673, -46.98376)","(-14.235004, -51.92528)"
60278,Prefeitura de Fernandópolis,Fernandópolis,Brazil,Latin America,Public,,YES,69399,2016,"(-20.285828, -50.247511)","(-14.235004, -51.92528)"
54634,Pref. Mun. de Cosmópolis,Cosmópolis,Brazil,Latin America,Public,,NO,67960,2017,"(-22.642392, -47.193026)","(-14.235004, -51.92528)"
60356,Prefeitura de Tupã,Tupã,Brazil,Latin America,Public,,NO,65651,2015,"(-21.934002, -50.519586)","(-14.235004, -51.92528)"
60271,Prefeitura de Bertioga,Bertioga,Brazil,Latin America,Public,,YES,57942,2016,"(-23.8081, -46.059941)","(-14.235004, -51.92528)"
54678,Prefeitura Municipal de Porto Feliz,Porto Feliz,Brazil,Latin America,Private,,NO,52221,2016,"(-23.210245, -47.513688)","(-14.235004, -51.92528)"
54666,Prefeitura Municipal da Estância Turística de Olímpia,Olímpia,Brazil,Latin America,Private,,NO,51092,2014,"(-20.737112, -48.911061)","(-14.235004, -51.92528)"
55373,Prefeitura Municipal de Cabreúva,Cabreúva,Brazil,Latin America,Public,,NO,46500,2016,"(-23.305819, -47.136701)","(-14.235004, -51.92528)"
54697,Prefeitura Municipal de Cerquilho,Cerquilho,Brazil,Latin America,Public,,NO,39617,2010,"(-23.166974, -47.746317)","(-14.235004, -51.92528)"
60254,Prefeitura de Bonito,Bonito,Brazil,Latin America,Public,,YES,38069,2016,"(-21.125448, -56.489385)","(-14.235004, -51.92528)"
45219,Município de Aparecida,Aparecida,Brazil,Latin America,Public,,NO,36248,2016,"(-20.7, -41.666667)","(-14.235004, -51.92528)"
60268,Prefeitura de Brumadinho,Brumadinho,Brazil,Latin America,Private,,YES,33973,2010,"(-20.142683, -44.198249)","(-14.235004, -51.92528)"
60273,Prefeitura de Extrema,Extrema,Brazil,Latin America,Public,,YES,33729,2016,"(-22.840262, -46.328)","(-14.235004, -51.92528)"
68387,Prefeitura de Miracema,Miracema,Brazil,Latin America,Public,,YES,26843,2010,"(-21.40811, -42.186194)","(-14.235004, -51.92528)"
60347,Prefeitura da Estância Climática de São Bento do Sapucaí,São Bento do Sapucaí,Brazil,Latin America,Public,,NO,11000,2016,"(-22.687425, -45.731988)","(-14.235004, -51.92528)"
43917,Sofia Municipality,Sofia,Bulgaria,Europe,Private,,NO,1319804,2015,"(42.697708, 23.321868)","(42.697708, 23.321868)"
58461,Stara Zagora,Stara Zagora,Bulgaria,Europe,Public,,NO,325963,2011,"(42.425777, 25.634464)","(42.697708, 23.321868)"
58594,Burgas Municipality,Burgas,Bulgaria,Europe,Public,,YES,209613,2017,"(42.504802, 27.462627)","(42.7339, 25.4858)"
60633,La mairie de Bujumbura,Bujumbura,Burundi,Africa,Private,,NO,658859,2014,"(-3.361378, 29.359878)","(-3.373056, 29.918886)"
59298,City of Yaoundé 6,Yaoundé 6,Cameroon,Africa,Public,,NO,324734,2010,"(3.861811, 11.519078)","(7.369722, 12.354722)"
58784,Commune de Bangangté,Bangangté,Cameroon,Africa,Public,,NO,200000,2011,"(5.144356, 10.523987)","(7.369722, 12.354722)"
31117,City of Toronto,Toronto,Canada,North America,Public,C40,NO,2753100,2011,"(43.653226, -79.3831843)","(56.130366, -106.346771)"
35894,Ville de Montreal,Montreal,Canada,North America,Public,C40,NO,1959987,2013,"(45.5086699, -73.5539925)","(56.130366, -106.346771)"
35475,City of Calgary,Calgary,Canada,North America,Public,,NO,1235055,2016,"(51.048615, -114.070846)","(56.130366, -106.346771)"
43911,City of Ottawa,Ottawa,Canada,North America,Public,,YES,934243,2016,"(45.42153, -75.697193)","(56.130366, -106.346771)"
43912,City of Edmonton,Edmonton,Canada,North America,Public,,NO,893000,2015,"(53.544389, -113.4909267)","(56.130366, -106.346771)"
50579,City of Winnipeg,Winnipeg,Canada,North America,Public,,NO,735600,2016,"(49.8997541, -97.1374937)","(56.130366, -106.346771)"
58868,Regional Municipality of Durham,Durham,Canada,North America,Public,,NO,645862,2016,"(43.936838, -78.928824)","(56.130366, -106.346771)"
20113,City of Vancouver,Vancouver,Canada,North America,Public,C40,NO,631486,2016,"(49.261226, -123.1139268)","(56.130366, -106.346771)"
50575,Region of Waterloo,Waterloo,Canada,North America,Private,,YES,575000,2015,"(43.475799, -80.543845)","(56.130366, -106.346771)"
50555,City of Hamilton,Hamilton,Canada,North America,Public,,NO,550700,2015,"(43.250021, -79.866091)","(56.130366, -106.346771)"
50543,Halifax Regional Municipality,Halifax,Canada,North America,Private,,NO,403131,2015,"(44.6478, -63.5714)","(56.130366, -106.346771)"
50558,"City of London, ON","London, ON",Canada,North America,Public,,NO,381000,2015,"(42.9837, -81.2497)","(56.130366, -106.346771)"
50568,City of Saskatoon,Saskatoon,Canada,North America,Public,,NO,265300,2016,"(52.133214, -106.670046)","(56.130366, -106.346771)"
50578,City of Windsor,Windsor,Canada,North America,Public,,NO,217188,2016,"(42.314937, -83.036363)","(56.130366, -106.346771)"
54060,City of Greater Sudbury / Grand Sudbury,Sudbury,Canada,North America,Public,,NO,160000,2011,"(46.526783, -80.964463)","(56.130366, -106.346771)"
50559,"City of St Catharines, ON","St Catharines, ON",Canada,North America,Public,,NO,131400,2014,"(43.1594, -79.2469)","(56.130366, -106.346771)"
60602,"Town of Ajax, ON","Ajax, ON",Canada,North America,Public,,NO,109600,2011,"(43.850855, -79.020373)","(56.130366, -106.346771)"
50571,City of Victoria,Victoria,Canada,North America,Private,,NO,86000,2016,"(48.428421, -123.365644)","(56.130366, -106.346771)"
60603,"City of Prince George, BC","Prince George, BC",Canada,North America,Public,,NO,74003,2016,"(53.917064, -122.749669)","(56.130366, -106.346771)"
59669,City of North Vancouver,North Vancouver,Canada,North America,Public,,NO,52898,2016,"(49.32, -123.0724)","(56.130366, -106.346771)"
60680,Ville de Salaberry-de-Valleyfield,Salaberry-de-Valleyfield,Canada,North America,Public,,NO,40905,2017,"(45.250091, -74.133086)","(56.130366, -106.346771)"
31180,Región Metropolitana de Santiago,Santiago,Chile,Latin America,Public,C40,NO,6527903,2012,"(-33.44889, -70.669265)","(-35.675147, -71.542969)"
60393,Municipalidad de Santiago,Santiago,Chile,Latin America,Public,,NO,311415,2012,"(-33.44889, -70.669265)","(-35.675147, -71.542969)"
60410,Municipalidad de Peñalolén,Peñalolén,Chile,Latin America,Public,,NO,242766,2015,"(-33.454, -70.530212)","(-35.675147, -71.542969)"
60411,Municipalidad de la Pintana,Pintana,Chile,Latin America,Private,,NO,212656,2015,"(-33.5856, -70.6286)","(-35.675147, -71.542969)"
60413,Municipalidad de La Serena,La Serena,Chile,Latin America,Private,,NO,204204,2012,"(-32.919863, -68.834233)","(-35.675147, -71.542969)"
59167,Municipalidad de Providencia,Providencia,Chile,Latin America,Public,,NO,147533,2015,"(-33.431297, -70.609189)","(-35.675147, -71.542969)"
60407,Municipalidad de Colina,Colina,Chile,Latin America,Public,,NO,116410,2012,"(-33.204292, -70.684042)","(-35.675147, -71.542969)"
59166,Municipalidad de Independencia,Independencia,Chile,Latin America,Public,,NO,83059,2015,"(-32.842154, -68.81539)","(-35.675147, -71.542969)"
60904,Municipalidad de San Fernando,San Fernando,Chile,Latin America,Public,,NO,76232,2015,"(-34.58586, -70.99078)","(-35.675147, -71.542969)"
62814,Municipalidad de Pica,Pica,Chile,Latin America,Public,,YES,6620,2010,"(-20.4895, -69.3305)","(-35.675147, -71.542969)"
54293,People's Government of Guangzhou Municipality,Guangzhou,China,East Asia,Private,C40,NO,14000000,2016,"(23.12911, 113.264385)","(35.86166, 104.195397)"
51075,City of Shenzhen,Shenzhen,China,East Asia,Public,C40,NO,13000000,2016,"(22.917478, 113.813461)","(35.86166, 104.195397)"
54289,Wuhan Municipal People's Government,Wuhan,China,East Asia,Private,C40,NO,10766200,2016,"(30.593099, 114.305393)","(35.86166, 104.195397)"
60546,Nanjing Municipal People's Government,Nanjing,China,East Asia,Public,C40,YES,8236000,2016,"(32.0603, 118.7969)","(35.86166, 104.195397)"
54298,Dalian Municipal People's Government,Dalian,China,East Asia,Public,C40,YES,6080000,2008,"(38.914, 121.6147)","(35.86166, 104.195397)"
31154,Bogotá Distrito Capital,Bogotá ,Colombia,Latin America,Public,C40,NO,7980001,2016,"(4.711, -74.0721)","(4.570868, -74.297333)"
35873,Municipality of Medellín,Medellín,Colombia,Latin America,Public,C40,NO,2508452,2017,"(6.22729, -75.573519)","(4.570868, -74.297333)"
36037,Santiago de Cali,Santiago de Cali,Colombia,Latin America,Public,,NO,2369829,2015,"(3.451647, -76.531985)","(4.570868, -74.297333)"
54070,City of Eugene,Eugene,USA,North America,Public,,NO,165885,2016,"(44.0519, -123.0867)","(37.09024, -95.712891)"
43970,Alcaldía Distrital de Barranquilla,Barranquilla,Colombia,Latin America,Private,,NO,1223967,2016,"(10.981483, -74.7782)","(4.5709, -74.2973)"
50374,Alcaldia Distrital de Cartagena de Indias,Cartagena,Colombia,Latin America,Public,,NO,971592,2010,"(10.421855, -75.550096)","(4.5709, -74.2973)"
60374,Alcaldía de Ibagué,Ibagué,Colombia,Latin America,Public,,YES,564077,2017,"(4.448517, -75.239965)","(4.5709, -74.2973)"
50380,Municipio de Bucaramanga,Bucaramanga,Colombia,Latin America,Public,,YES,528269,2016,"(7.110349, -73.122742)","(4.5709, -74.2973)"
60381,Alcaldía Distrital de Santa Marta,Santa Marta,Colombia,Latin America,Public,,NO,499391,2017,"(11.245278, -74.212687)","(4.570868, -74.297333)"
54617,Alcaldia de Pereira,Pereira,Colombia,Latin America,Public,,NO,472000,2016,"(4.808717, -75.690601)","(4.570868, -74.297333)"
60373,Alcaldía de Ríohacha,Ríohacha,Colombia,Latin America,Public,,YES,277868,2017,"(11.441777, -72.909865)","(4.5709, -74.2973)"
60387,Alcaldíade Sincelejo,Sincelejo,Colombia,Latin America,Public,,NO,275207,2015,"(9.304577, -75.390557)","(4.570868, -74.297333)"
70261,Alcaldia de Floridablanca,Floridablanca,Colombia,Latin America,Private,,YES,263095,2012,"(7.070012, -73.09788)","(4.5709, -74.2973)"
69967,Alcaldia de Tulua,Tulua,Colombia,Latin America,Public,,YES,209086,2017,"(4.08618, -76.19793)","(4.5709, -74.2973)"
60379,Alcaldía de Tunja,Tunja,Colombia,Latin America,Private,,NO,195496,2017,"(40.471198, -3.633548)","(4.570868, -74.297333)"
69973,Alcaldia de Barrancabermeja,Barrancabermeja,Colombia,Latin America,Public,,YES,191768,2015,"(7.060668, -73.872399)","(4.5709, -74.2973)"
69968,Alcaldia de Rionegro,Rionegro,Colombia,Latin America,Public,,YES,137078,2017,"(6.153163, -75.373869)","(4.5709, -74.2973)"
60375,Gobiernación del Archipiélago de San Andrés,Archipiélago de San Andrés,Colombia,Latin America,Public,,YES,76442,2017,"(12.579438, -81.697645)","(4.5709, -74.2973)"
59158,Moroni City,Moroni,Comoros,Africa,Public,,,55541,2016,"(-11.717216, 43.247315)","(-11.6455, 43.3333)"
58595,Municipalidad de Belén,Belén,Costa Rica,Latin America,Public,,NO,25554,2016,"(10.003515, -84.150306)","(9.748917, -83.753428)"
36004,City of Abidjan,Abidjan,Cote d Ivoire,Africa,Private,,NO,4707000,2014,"(5.36, -4.0083)","(7.54, 5.5471)"
73413,Commune de Cocody,Cocody,Cote d Ivoire,Africa,Public,,YES,447055,2014,"(5.3602, -3.9674)","(7.54, 5.5471)"
59156,City of Grand-Bassam,Grand-Bassam,Cote d Ivoire,Africa,Public,,NO,84028,2014,"(5.2259, -3.7537)","(7.54, 5.5471)"
43921,City of Zagreb,Zagreb,Croatia,Europe,Public,,NO,790017,2011,"(45.815011, 15.981919)","(45.1, 15.2)"
60071,Brno City Council,Brno ,Czech Republic,Europe,Public,,NO,377973,2016,"(49.817492, 15.472962)","(49.817492, 15.472962)"
36002,Ville de Kinshasa,Ville de Kinshasa,Democratic Republic of Congo,Africa,Public,,NO,10000000,2017,"(-4.441931, 15.266293)","(-4.038333, 21.758664)"
31009,City of Copenhagen,Copenhagen,Denmark,Europe,Public,C40,NO,602504,2016,"(55.6760968, 12.5683371)","(56.26392, 9.501785)"
54408,Aarhus Kommune,Aarhus,Denmark,Europe,Public,,NO,336000,2017,"(56.168393, 10.137373)","(56.26392, 9.501785)"
54405,Vejle Kommune,Vejle,Denmark,Europe,Public,,YES,107567,2016,"(55.7113, 9.5364)","(56.26392, 9.501785)"
58488,Sonderborg Kommune,Sonderborg,Denmark,Europe,Public,,NO,74801,2017,"(54.913811, 9.792178)","(56.26392, 9.501785)"
59165,Gladsaxe Kommune,Gladsaxe,Denmark,Europe,Public,,NO,67347,2015,"(55.733461, 12.488686)","(56.26392, 9.501785)"
58610,Municipality of Hjørring,Hjørring,Denmark,Europe,Public,,NO,65308,2016,"(57.4568, 9.9958)","(56.26392, 9.501785)"
58671,Elsinore Municipality,Elsinore,Denmark,Europe,Public,,NO,61632,2015,"(56.0308, 12.5921)","(56.2639, 9.5018)"
60577,Frederikshavn Kommune,Frederikshavn,Denmark,Europe,Public,,NO,60379,2015,"(57.442711, 10.521006)","(56.26392, 9.501785)"
58781,Ringkøbing-Skjern Kommune,Ringkøbing-Skjern,Denmark,Europe,Public,,YES,58176,2012,"(56.0447, 8.5059)","(56.26392, 9.501785)"
60433,City of Hvidovre,Hvidovre,Denmark,Europe,Public,,NO,52831,2016,"(55.642522, 12.475386)","(56.26392, 9.501785)"
63615,Hillerød Kommune,Hillerød,Denmark,Europe,Public,,NO,50104,2017,"(55.93103, 12.234881)","(56.26392, 9.501785)"
58489,Hoeje-Taastrup Kommune,Hoeje-Taastrup,Denmark,Europe,Public,,NO,49960,2016,"(55.656328, 12.2898)","(56.26392, 9.501785)"
58620,Skive Kommune,Skive,Denmark,Europe,Public,,NO,46938,2014,"(56.5651, 9.0309)","(56.26392, 9.501785)"
62855,Egedal Municipality,Egedal,Denmark,Europe,Public,,NO,42000,2015,"(55.795045, 12.238733)","(56.26392, 9.501785)"
63543,Fredensborg Kommune,Fredensborg,Denmark,Europe,Public,,NO,40112,2016,"(55.9747, 12.4058)","(56.26392, 9.501785)"
58865,Jammerbugt Kommune,Jammerbugt,Denmark,Europe,Public,,NO,38500,2016,"(57.145282, 9.541538)","(56.26392, 9.501785)"
59180,Middelfart Kommune,Middelfart,Denmark,Europe,Public,,NO,38093,2017,"(55.470958, 9.872643)","(56.26392, 9.501785)"
63542,Lejre Kommune,Lejre,Denmark,Europe,Public,,NO,27317,2016,"(55.6013, 11.9645)","(56.26392, 9.501785)"
58797,Hørsholm Kommune,Hørsholm,Denmark,Europe,Public,,NO,24709,2014,"(55.883514, 12.504924)","(56.26392, 9.501785)"
58796,Odder Kommune,Odder,Denmark,Europe,Public,,NO,22331,2017,"(55.975718, 10.149958)","(56.26392, 9.501785)"
58609,City of Ærøskøbing,Ærøskøbing,Denmark,Europe,Public,,NO,6180,2017,"(54.891456, 10.404684)","(56.26392, 9.501785)"
36045,Santiago de Guayaquil,Santiago de Guayaquil,Ecuador,Latin America,Public,,NO,2644891,2017,"(-2.170998, -79.922359)","(-1.831239, -78.183406)"
42178,Distrito Metropolitano de Quito,Quito,Ecuador,Latin America,Public,C40,NO,2239191,2010,"(-0.2333, -78.5167)","(-1.831239, -78.183406)"
54637,Alcaldía de Cuenca,Cuenca,Ecuador,Latin America,Public,,YES,505585,2010,"(-2.908411, -79.004837)","(-1.831239, -78.183406)"
60126,Tartu City Council,Tartu,Estonia,Europe,Public,,YES,150528,2011,"(58.380049, 26.72194)","(58.5953, 25.0136)"
60233,Pärnu City Government,Pärnu,Estonia,Europe,Public,,YES,82598,2011,"(58.3858, 24.4966)","(58.595272, 25.013607)"
60240,City of Johvi,Johvi,Estonia,Europe,Public,,NO,11900,2017,"(59.357312, 27.413665)","(58.595272, 25.013607)"
60215,Hiiu City Council,Hiiu,Estonia,Europe,Private,,YES,8482,2011,"(58.831512, 22.772083)","(58.5953, 25.0136)"
31146,Addis Ababa City Administration,Addis Ababa,Ethiopia,Africa,Public,C40,NO,3800000,2013,"(9.028874, 38.754366)","(9.145, 40.489673)"
8242,City of Helsinki,Helsinki,Finland,Europe,Public,,NO,636000,2016,"(60.1733244, 24.9410248)","(61.92411, 25.748151)"
54409,City of Espoo,Espoo,Finland,Europe,Public,,YES,274522,2016,"(60.205491, 24.6559)","(61.9241, 25.7482)"
50154,City of Turku,Turku,Finland,Europe,Public,,NO,187000,2016,"(60.4518126, 22.2666303)","(61.92411, 25.748151)"
54402,City of Lahti,Lahti,Finland,Europe,Public,,NO,119452,2016,"(60.9833, 25.65)","(61.92411, 25.748151)"
31175,City of Paris,Paris,France,Europe,Public,C40,NO,2265886,2015,"(48.856614, 2.3522219)","(46.227638, 2.213749)"
50220,Métropole Nice Côte d'Azur,Nice,France,Europe,Public,,NO,550000,2016,"(43.710173, 7.261953)","(46.227638, 2.213749)"
62180,Communauté urbaine du Grand Nancy,Nancy,France,Europe,Public,,NO,265000,2014,"(48.692054, 6.184417)","(46.227638, 2.213749)"
50211,Tbilisi City,Tbilisi,Georgia,Europe,Public,,NO,1113000,2016,"(41.715138, 44.827096)","(40.786168, -81.288192)"
31153,City of Berlin,Berlin,Germany,Europe,Private,C40,NO,3562000,2014,"(52.52, 13.405)","(51.165691, 10.451526)"
35868,Free and Hanseatic City of Hamburg,Hamburg,Germany,Europe,Public,,NO,1787408,2015,"(53.5510846, 9.9936818)","(51.165691, 10.451526)"
37038,City of Cologne,Cologne,Germany,Europe,Public,,YES,998105,2012,"(50.941357, 6.958307)","(51.165691, 10.451526)"
43926,City of Mannheim,Mannheim,Germany,Europe,Public,,NO,312722,2015,"(49.487459, 8.466039)","(51.165691, 10.451526)"
54443,Landeshauptstadt Magdeburg,Magdeburg,Germany,Europe,Public,,NO,238000,2015,"(52.1205, 11.6276)","(51.165691, 10.451526)"
54444,Mülheim an der Ruhr,Mülheim,Germany,Europe,Private,,YES,172593,2016,"(51.418568, 6.884523)","(51.165691, 10.451526)"
31165,Stadt Heidelberg,Heidelberg,Germany,Europe,Public,C40,NO,146333,2015,"(49.398752, 8.672434)","(51.165691, 10.451526)"
69999,Greifswald,Greifswald,Germany,Europe,Private,,YES,57286,2016,"(54.086546, 12.392341)","(51.165691, 10.451526)"
36039,Accra Metropolitan Assembly,Accra,Ghana,Africa,Public,C40,NO,2291352,2013,"(5.565437, -0.168191)","(7.946527, -1.023194)"
50650,City of Gibraltar,Gibraltar,Gibraltar,Europe,Public,,NO,33528,2015,"(36.1407734, -5.3535994)","(36.140751, -5.353585)"
31149,City of Athens,Athens,Greece,Europe,Public,C40,NO,664046,2011,"(37.98381, 23.727539)","(39.074208, 21.824312)"
60127,Municipality of Thessaloniki,Thessaloniki,Greece,Europe,Private,,NO,322240,2011,"(40.750539, 23.063432)","(39.074208, 21.824312)"
51079,Guatemala City,Guatemala,Guatemala,Latin America,Public,,NO,994938,2017,"(14.634915, -90.506882)","(15.783471, -90.230759)"
50354,Alcaldía de Tegucigalpa,Tegucigalpa,Honduras,Latin America,Private,,NO,1059546,2013,"(14.105099, -87.204395)","(15.199999, -86.241905)"
31169,Government of Hong Kong Special Administrative Region,Hong Kong,Hong Kong,East Asia,Public,C40,NO,7336600,2016,"(22.2880809, 114.1398015)","(22.396428, 114.109497)"
54459,City of Reykjavík,Reykjavík,Iceland,Europe,Public,,NO,122460,2016,"(64.12652, -21.81744)","(64.963051, -19.020835)"
59151,City of Akureyri,Akureyri,Iceland,Europe,Public,,NO,18340,2016,"(65.688492, -18.126169)","(64.963051, -19.020835)"
31157,City of Delhi,Delhi,India,South and West Asia,Public,C40,YES,15000000,2011,"(28.704059, 77.10249)","(20.5937, 78.9629)"
35904,Kolkata Metropolitan Area,Kolkata,India,South and West Asia,Public,C40,NO,14030000,2011,"(22.5726, 88.3639)","(20.593684, 78.96288)"
35907,Bangalore,Bangalore,India,South and West Asia,Public,C40,NO,11000000,2011,"(12.971599, 77.594563)","(20.593684, 78.96288)"
35905,Corporation of Chennai,Chennai,India,South and West Asia,Public,C40,YES,7600000,2016,"(13.099202, 80.242513)","(20.5937, 78.9629)"
35915,City of Jaipur,Jaipur,India,South and West Asia,Public,C40,NO,3046163,2011,"(26.912434, 75.787271)","(20.593684, 78.96288)"
31166,Jakarta City Government,Jakarta ,Indonesia,South Asia and Oceania,Public,C40,NO,10155902,2017,"(-6.1751, 106.865)","(-0.7893, -113.9213)"
54329,Bogor City Government,Bogor ,Indonesia,South Asia and Oceania,Public,,NO,1047922,2015,"(-6.5971, 106.806)","(-6.121435, 106.774124)"
31313,Dublin City Council,Dublin,Ireland,Europe,Public,,NO,527612,2011,"(53.344479, -6.270843)","(53.41291, -8.24389)"
35885,Tel Aviv-Yafo Municipality,Tel Aviv-Yafo ,Israel,South and West Asia,Public,,NO,432900,2014,"(32.081604, 34.782285)","(31.046051, 34.851612)"
60197,Ashkelon Municipality,Ashkelon,Israel,South and West Asia,Public,,YES,150000,2017,"(31.668789, 34.574252)","(31.0461, 34.8516)"
31173,Comune di Milano,Milano,Italy,Europe,Public,C40,NO,1359905,2015,"(45.802578, 9.086356)","(41.87194, 12.56738)"
36158,Comune di Napoli,Napoli,Italy,Europe,Public,,NO,960000,2011,"(40.8419943, 14.2513831)","(41.87194, 12.56738)"
35886,Comune di Torino,Torino,Italy,Europe,Public,,NO,892276,2015,"(45.1006374, 7.6680046)","(41.87194, 12.56738)"
36262,Comune di Genova,Genova,Italy,Europe,Public,,NO,583601,2016,"(44.347961, 9.318415)","(41.87194, 12.56738)"
36263,Comune di Ravenna,Ravenna,Italy,Europe,Public,,NO,391414,2016,"(41.913028, 12.518037)","(41.87194, 12.56738)"
36285,Comune di Firenze,Firenze,Italy,Europe,Public,,NO,377635,2017,"(39.627269, -90.610682)","(41.87194, 12.56738)"
36504,Comune di Rimini,Rimini,Italy,Europe,Public,,NO,336786,2016,"(44.0678, 12.5695)","(41.87194, 12.56738)"
36254,Comune di Venezia,Venezia,Italy,Europe,Public,C40,NO,261905,2016,"(45.4332515, 12.3210704)","(41.87194, 12.56738)"
36494,Comune di Padova,Padova,Italy,Europe,Public,,NO,210000,2017,"(45.4064, 11.8768)","(41.87194, 12.56738)"
36492,Comune di Parma,Parma,Italy,Europe,Public,,YES,194000,2017,"(44.8015, 10.3279)","(41.87194, 12.56738)"
36265,Comune di Reggio Emilia,Reggio Emilia,Italy,Europe,Public,,NO,171345,2015,"(44.437556, 10.877415)","(41.87194, 12.56738)"
36291,Comune di Cagliari,Cagliari,Italy,Europe,Private,,NO,150000,2017,"(39.243127, 9.13224)","(41.87194, 12.56738)"
36286,Comune di Ferrara,Ferrara,Italy,Europe,Public,,NO,133155,2015,"(44.8357395, 11.6189949)","(41.87194, 12.56738)"
36484,Comune di Monza,Monza,Italy,Europe,Public,,NO,122955,2016,"(45.831487, 9.0371)","(41.87194, 12.56738)"
36261,Comune di Bolzano,Bolzano,Italy,Europe,Public,,NO,106397,2015,"(46.499681, 11.356576)","(41.87194, 12.56738)"
36495,Comune di Piacenza,Piacenza,Italy,Europe,Public,,NO,102269,2014,"(45.0519969, 9.6926451)","(41.87194, 12.56738)"
36518,Comune di Udine,Udine,Italy,Europe,Public,,NO,99528,2013,"(46.0667, 13.2333)","(41.87194, 12.56738)"
36477,Comune di Lucca,Lucca,Italy,Europe,Private,,NO,87467,2012,"(43.839917, 10.617374)","(41.87194, 12.56738)"
36489,Comune di Olbia,Olbia,Italy,Europe,Public,,NO,59977,2016,"(41.882316, 12.505936)","(41.87194, 12.56738)"
36252,Comune di Oristano,Oristano,Italy,Europe,Public,,NO,31630,2015,"(39.720664, 8.898007)","(41.87194, 12.56738)"
36522,Comune di Verbania,Verbania,Italy,Europe,Public,,YES,31000,2017,"(45.928306, 8.555371)","(41.87194, 12.56738)"
31111,Tokyo Metropolitan Government,Tokyo,Japan,East Asia,Public,C40,NO,13646764,2017,"(35.6896342, 139.6921007)","(36.204824, 138.252924)"
31113,City of Yokohama,Yokohama,Japan,East Asia,Public,C40,NO,3731096,2017,"(35.4437078, 139.6380256)","(36.204824, 138.252924)"
54337,Greater Amman Municipality,Amman ,Jordan,South and West Asia,Public,C40,NO,3705490,2016,"(31.945367, 35.928372)","(30.585164, 36.238414)"
35913,City of Nairobi,Nairobi,Kenya,Africa,Public,C40,NO,4500000,2017,"(-1.292066, 36.821946)","(-0.023559, 37.906193)"
60142,City of Kisumu,Kisumu,Kenya,Africa,Public,,NO,409928,2010,"(-0.091702, 34.767957)","(-0.023559, 37.906193)"
60140,City of Nakuru,Nakuru,Kenya,Africa,Public,,NO,369839,2017,"(-0.303099, 36.080026)","(-0.023559, 37.906193)"
58528,Pristina Municipality,Pristina ,Kosovo,Europe,Public,,NO,201804,2011,"(42.6629, 21.1655)","(42.6026, -20.903)"
36426,Riga City,Riga,Latvia,Europe,Public,,YES,641423,2017,"(56.9496, 24.1052)","(56.8796, 24.6032)"
60206,City of Jelgava,Jelgava,Latvia,Europe,Private,,YES,60000,2016,"(56.651109, 23.721354)","(56.8796, 24.6032)"
36154,Vilnius City Municipality,Vilnius ,Lithuania,Europe,Public,,NO,542626,2015,"(54.687156, 25.279651)","(55.169438, 23.881275)"
60213,Šiauliai City Municipality,Šiauliai ,Lithuania,Europe,Public,,NO,102983,2017,"(55.934908, 23.313682)","(55.169438, 23.881275)"
36223,Antananarivo,Antananarivo,Madagascar,Africa,Public,,NO,1168898,2014,"(-18.87919, 47.507905)","(-18.766947, 46.869107)"
60621,Lilongwe City Council,Lilongwe,Malawi,Africa,Public,,NO,1100000,2017,"(-13.9626, 33.7741)","(-13.254308, 34.301525)"
58795,Blantyre City Council,Blantyre ,Malawi,Africa,Public,,NO,920226,2016,"(-15.802859, 35.037784)","(-13.254308, 34.301525)"
54388,Iskandar Regional Development Authority,Iskandar ,Malaysia,South Asia and Oceania,Public,,NO,1945000,2016,"(5.714476, 100.992084)","(4.210484, 101.975766)"
54364,City of Kuala Lumpur,Kuala Lumpur,Malaysia,South Asia and Oceania,Public,C40,NO,1890000,2015,"(3.139003, 101.686855)","(4.210484, 101.975766)"
54361,Petaling Jaya City Council,Petaling Jaya,Malaysia,South Asia and Oceania,Public,,NO,658611,2010,"(3.1279, 101.5945)","(4.210484, 101.975766)"
31172,Mexico City,Mexico City,Mexico,Latin America,Public,C40,NO,8874724,2014,"(19.4326077, -99.133208)","(23.634501, -102.552784)"
35875,Heroic Puebla of Zaragoza,Heroic Puebla of Zaragoza,Mexico,Latin America,Public,,NO,1539819,2010,"(19.041297, -98.2062)","(23.634501, -102.552784)"
35867,City of Guadalajara,Guadalajara,Mexico,Latin America,Public,,NO,1495189,2015,"(20.659699, -103.349609)","(23.634501, -102.552784)"
50398,Ciudad de Juárez,Luárez,Mexico,Latin America,Public,,NO,1330000,2010,"(31.690364, -106.424548)","(23.634501, -102.552784)"
35871,City of Monterrey,Monterrey,Mexico,Latin America,Public,,NO,1135550,2010,"(25.686614, -100.316113)","(23.634501, -102.552784)"
60898,Ayuntamiento de Naucalpan de Juárez,Naucalpan de Juárez,Mexico,Latin America,Public,,NO,844219,2015,"(19.463084, -99.245302)","(23.634501, -102.552784)"
50375,Ayuntamiento de  Chihuahua,Chihuahua,Mexico,Latin America,Public,,YES,841490,2015,"(28.636857, -106.076272)","(23.634501, -102.552784)"
50382,Municipio de Mérida,Mérida,Mexico,Latin America,Public,,NO,830732,2010,"(20.96737, -89.592586)","(23.634501, -102.552784)"
50369,Ayuntamiento de San Luis Potosí,San Luis Potosí,Mexico,Latin America,Public,,NO,824229,2015,"(22.173333, -100.97005)","(23.634501, -102.552784)"
50356,Ayuntamiento de Morelia,Morelia,Mexico,Latin America,Public,,NO,729279,2010,"(32.502581, -117.069292)","(23.634501, -102.552784)"
50381,Municipio de Torreón,Torreón,Mexico,Latin America,Public,,NO,639629,2010,"(25.542844, -103.406786)","(23.634501, -102.552784)"
50366,Ayuntamiento de Cuernavaca,Cuernavaca,Mexico,Latin America,Public,,NO,366321,2010,"(18.927487, -99.242026)","(23.634501, -102.552784)"
50370,Municipalidad  de Tampico,Tampico,Mexico,Latin America,Private,,NO,314418,2015,"(19.359867, -99.017314)","(23.634501, -102.552784)"
57877,Playa del Carmen,Playa del Carmen,Mexico,Latin America,Private,,NO,228186,2016,"(20.629559, -87.073885)","(23.634501, -102.552784)"
50359,Gobierno Municipal de León de los Aldamas,León de los Aldamas,Mexico,Latin America,Public,,,1578626,2015,"(21.122062, -101.683659)","(23.634501, -102.552784)"
50792,Ville de Monaco,Monaco,Monaco,Europe,Public,,NO,38400,2015,"(43.737411, 7.420816)","(43.738418, 7.424616)"
58569,City of Podgorica,Podgorica,Montenegro,Europe,Public,,NO,185937,2011,"(42.43042, 19.259364)","(42.708678, 19.37439)"
35903,Le Grand Casablanca,Casablanca,Morocco,Africa,Public,,YES,4270750,2015,"(33.520593, -7.56806)","(31.7917, -7.0926)"
44073,Municipalité de Rabat,Rabat,Morocco,Africa,Public,,NO,1655753,2017,"(33.9716, -6.8498)","(31.7917, -7.0926)"
61427,Municipality of Nacala,Nacala,Mozambique,Africa,Public,,NO,250000,2015,"(-14.565606, 40.685431)","(-18.665695, 35.529562)"
71557,Quelimane Municipal Council,Quelimane,Mozambique,Africa,Public,,YES,250000,2017,"(-17.850264, 36.921858)","(-18.6657, 35.5296)"
73252,Pemba Municipality,Pemba,Mozambique,Africa,Public,,YES,204500,2017,"(-12.973203, 40.517801)","(-18.6657, 35.5296)"
73250,Mocímboa da Praia,Mocímboa da Praia,Mozambique,Africa,Public,,YES,92022,2017,"(-11.353599, 40.35224)","(-18.6657, 35.5296)"
73282,Municipality of Ilha,Ilha,Mozambique,Africa,Public,,YES,13000,2015,"(-15.0364, -40.7323)","(-18.6657, 35.5296)"
60207,City of Windhoek,Windhoek,Namibia,Africa,Public,,NO,322500,2011,"(-22.5609, 17.0658)","(-22.9576, 18.4904)"
31148,City of Amsterdam,Amsterdam,Netherlands,Europe,Public,C40,NO,834713,2016,"(52.370216, 4.895168)","(52.132633, 5.291266)"
31179,Gemeente Rotterdam,Rotterdam,Netherlands,Europe,Public,C40,NO,624000,2014,"(51.9163716, 4.4509382)","(52.132633, 5.291266)"
43930,The Hague,The Hague,Netherlands,Europe,Public,,NO,515739,2015,"(52.070498, 4.3007)","(52.132633, 5.291266)"
54461,Gemeente Groningen,Groningen,Netherlands,Europe,Public,,NO,200500,2016,"(53.232386, 6.551335)","(52.132633, 5.291266)"
54478,Gemeente Nijmegen,Nijmegen,Netherlands,Europe,Public,,NO,173000,2017,"(51.844884, 5.842828)","(52.132633, 5.291266)"
43932,Auckland Council,Auckland ,New Zealand,South Asia and Oceania,Public,C40,NO,1614400,2016,"(-36.815328, 174.741788)","(-40.900557, 174.885971)"
59987,Hutt City Council,Hutt,New Zealand,South Asia and Oceania,Private,,YES,102000,2016,"(-41.209165, 174.908056)","(-40.9006, 174.886)"
54277,New Plymouth District Council,New Plymouth District,New Zealand,South Asia and Oceania,Private,,YES,80860,2016,"(-39.1011, 174.3542)","(-40.900557, 174.885971)"
60638,Walvis Bay Municipality,Walvis Bay,Namibia,Africa,Public,,YES,100000,2016,"(-22.938959, 12.524746)","(-22.9576, 18.4904)"
31167,City of Lagos,Lagos,Nigeria,Africa,Public,C40,NO,21000000,2017,"(6.524379, 3.379206)","(9.081999, 8.675277)"
36036,City of Ibadan,Ibadan,Nigeria,Africa,Public,,NO,5591589,2011,"(7.377535, 3.94704)","(9.081999, 8.675277)"
36043,Abuja Federal Capital Territory,Abuja,Nigeria,Africa,Public,,NO,2440000,2017,"(9.076479, 7.398574)","(9.081999, 8.675277)"
14088,City of Oslo,Oslo,Norway,Europe,Public,C40,NO,658390,2016,"(59.9138688, 10.7522454)","(60.472024, 8.468946)"
54488,Trondheim Municipality,Trondheim ,Norway,Europe,Private,,NO,190464,2017,"(63.430515, 10.395053)","(60.472024, 8.468946)"
58395,Bærum Kommune,Bærum,Norway,Europe,Public,,NO,122660,2016,"(59.920545, 10.593765)","(60.472024, 8.468946)"
54493,Kristiansand Municipality,Kristiansand,Norway,Europe,Private,,YES,89544,2017,"(58.1599, 8.0182)","(60.472024, 8.468946)"
60229,Municipality of Arendal,Arendal,Norway,Europe,Public,,YES,44574,2016,"(58.461757, 8.77245)","(60.472, 8.4689)"
31168,City District Government Karachi,Karachi,Pakistan,South and West Asia,Public,C40,NO,25000000,2014,"(24.910812, 67.128098)","(30.375321, 69.345116)"
57505,Alcaldía de Panamá,Panamá,Panama,Latin America,Public,,NO,1427862,2014,"(9.118624, -79.555236)","(8.537981, -80.782127)"
68385,Municipio de Chorrera,Chorrera,Panama,Latin America,Public,,YES,161470,2010,"(8.882894, -79.773631)","(8.538, -80.7821)"
43969,Ciudad de Asunción,Asunción,Paraguay,Latin America,Public,,YES,515587,2012,"(-25.2637, -57.5759)","(-23.4425, 58.4438)"
31170,Metropolitan Municipality of Lima,Lima,Peru,Latin America,Public,C40,NO,8755262,2014,"(-12.046374, -77.042793)","(-9.189967, -75.015152)"
68378,Municipalidad de Santiago de Surco,Santiago de Surco,Peru,Latin America,Public,,YES,506879,2016,"(-12.145272, -77.005104)","(-9.19, -75.0152)"
68371,Municipio Distrital del Rimac,Rimac,Peru,Latin America,Private,,YES,176169,2017,"(-12.0271, -77.0362)","(-9.189967, -75.015152)"
60399,Municipalidad de Miraflores,Miraflores,Peru,Latin America,Private,,NO,85065,2017,"(-16.399409, -71.536623)","(-9.189967, -75.015152)"
50368,Municipalidad de Provincial de Arequipa,Arequipa,Peru,Latin America,Public,,NO,61519,2010,"(-11.05566, -75.329001)","(-9.189967, -75.015152)"
43975,Municipalidad de Magdalena del Mar,Magdalena del Mar,Peru,Latin America,Public,,NO,54656,2015,"(-12.091653, -77.06705)","(-9.19, -75.0152)"
60392,Municipalidad de San Isidro (Lima),San Isidro (Lima),Peru,Latin America,Public,,YES,54206,2015,"(-12.09772, -77.027336)","(-9.19, -75.0152)"
54348,The Local Government of Quezon City,Quezon ,Philippines,South Asia and Oceania,Public,C40,NO,3005413,2017,"(15.6835, 120.86176)","(12.879721, 121.774017)"
54345,City Government of Davao,Davao,Philippines,South Asia and Oceania,Public,,YES,1632991,2015,"(7.074755, 125.624539)","(12.879721, 121.774017)"
54347,Pasig City Government,Pasig,Philippines,South Asia and Oceania,Public,,YES,772695,2016,"(14.58691, 121.0614)","(12.879721, 121.774017)"
60029,City of Cagayan de Oro,Cagayan de Oro,Philippines,South Asia and Oceania,Public,,YES,724859,2017,"(8.454236, 124.631898)","(12.879721, 121.774017)"
54356,City of Parañaque,Parañaque,Philippines,South Asia and Oceania,Public,,YES,665822,2015,"(14.479309, 121.019823)","(12.879721, 121.774017)"
60004,City of General Santos,General Santos,Philippines,South Asia and Oceania,Private,,YES,594446,2015,"(6.116386, 125.171618)","(12.879721, 121.774017)"
54354,City Government of Makati,Makati,Philippines,South Asia and Oceania,Public,,NO,529039,2010,"(14.554729, 121.024445)","(12.879721, 121.774017)"
59995,City of Bacoor,Bacoor,Philippines,South Asia and Oceania,Private,,YES,520216,2010,"(14.412993, 120.973679)","(12.879721, 121.774017)"
54351,City Government of Valenzuela,Valenzuela,Philippines,South Asia and Oceania,Private,,YES,485433,2017,"(14.7011, 120.983)","(12.879721, 121.774017)"
59997,City of Iloilo,Iloilo,Philippines,South Asia and Oceania,Private,,YES,447992,2015,"(10.7202, 122.5621)","(12.879721, 121.774017)"
59992,City of Calamba,Calamba,Philippines,South Asia and Oceania,Public,,YES,389377,2010,"(14.1877, 121.1251)","(12.879721, 121.774017)"
59988,Mandaue City Government,Mandaue,Philippines,South Asia and Oceania,Public,,YES,362654,2015,"(10.3403, 123.9416)","(12.879721, 121.774017)"
59996,Batangas City,Batangas,Philippines,South Asia and Oceania,Public,,NO,354170,2016,"(13.7565, 121.0583)","(12.879721, 121.774017)"
60002,Municipality of Cainta,Cainta,Philippines,South Asia and Oceania,Public,,YES,322128,2015,"(14.5865, 121.1149)","(12.879721, 121.774017)"
60007,City of Santa Rosa,Santa Rosa,Philippines,South Asia and Oceania,Private,,YES,284670,2010,"(14.2843, 121.0889)","(12.879721, 121.774017)"
60015,City of Cotabato,Cotabato,Philippines,South Asia and Oceania,Private,,YES,271786,2010,"(7.2047, 124.231)","(12.879721, 121.774017)"
60031,City of San Pedro,San Pedro,Philippines,South Asia and Oceania,Private,,YES,270216,2017,"(14.3489, 121.0392)","(12.879721, 121.774017)"
59993,City of Olongapo,Olongapo,Philippines,South Asia and Oceania,Public,,YES,240270,2016,"(14.83863, 120.284202)","(12.879721, 121.774017)"
59985,City of Puerto Princesa,Puerto Princesa,Philippines,South Asia and Oceania,Public,,YES,222673,2010,"(9.740696, 118.730072)","(12.879721, 121.774017)"
59990,City of San Pablo,San Pablo,Philippines,South Asia and Oceania,Private,,YES,207577,2017,"(14.0642, 121.3233)","(12.879721, 121.774017)"
60010,City of San Fernando,San Fernando,Philippines,South Asia and Oceania,Private,,YES,121812,2015,"(15.0594, 120.6567)","(12.879721, 121.774017)"
31185,City of Warsaw,Warsaw,Poland,Europe,Public,C40,NO,1629037,2016,"(52.2296756, 21.0122287)","(51.919438, 19.145136)"
54497,City of Wroclaw,Wroclaw,Poland,Europe,Public,,NO,635759,2015,"(51.107885, 17.038538)","(51.919438, 19.145136)"
58424,Gdańsk,Gdańsk,Poland,Europe,Public,,NO,461489,2014,"(54.352, 18.6466)","(51.919438, 19.145136)"
60114,City of Gdynia,Gdynia,Poland,Europe,Public,,NO,247329,2016,"(54.51889, 18.530541)","(51.919438, 19.145136)"
58537,Tarnów,Tarnów,Poland,Europe,Public,,NO,110644,2015,"(50.012101, 20.985841)","(51.919438, 19.145136)"
36159,City of Lisbon,Lisbon,Portugal,Europe,Public,,NO,547773,2011,"(38.7222524, -9.1393366)","(39.399872, -8.224454)"
46514,City of Porto,Porto,Portugal,Europe,Public,,NO,238954,2011,"(41.1579438, -8.6291053)","(39.399872, -8.224454)"
50680,Cascais,Cascais,Portugal,Europe,Public,,NO,208122,2014,"(38.6970565, -9.4222945)","(39.399872, -8.224454)"
55334,Município de Braga,Braga,Portugal,Europe,Public,,NO,182000,2011,"(41.533751, -8.438218)","(39.399872, -8.224454)"
55324,Município de Guimarães,Guimarães,Portugal,Europe,Public,,YES,154920,2015,"(41.444266, -8.292241)","(39.399872, -8.224454)"
55322,Município de Vila Nova de Famalicão,Vila Nova de Famalicão,Portugal,Europe,Public,,NO,133834,2011,"(41.380963, -8.747603)","(39.399872, -8.224454)"
50681,Funchal,Funchal,Portugal,Europe,Private,,NO,111892,2011,"(32.666933, -16.924055)","(39.399872, -8.224454)"
50674,Viseu,Viseu,Portugal,Europe,Private,,NO,99274,2017,"(40.656586, -7.912471)","(39.399872, -8.224454)"
19233,Torres Vedras Municipality,Torres Vedras ,Portugal,Europe,Public,,NO,79465,2011,"(38.763669, -9.30148)","(39.399872, -8.224454)"
50679,Barreiro,Barreiro,Portugal,Europe,Public,,NO,78764,2011,"(38.660815, -9.079072)","(39.399872, -8.224454)"
55442,Município de Moita,Moita,Portugal,Europe,Public,,NO,66029,2011,"(41.30284, -8.65731)","(39.399872, -8.224454)"
50672,Santarém,Santarém,Portugal,Europe,Public,,NO,61752,2011,"(39.236669, -8.685994)","(39.399872, -8.224454)"
50673,Faro,Faro,Portugal,Europe,Public,,NO,61019,2015,"(37.019355, -7.93044)","(39.399872, -8.224454)"
50665,Município de Ovar,Ovar,Portugal,Europe,Public,,NO,55398,2011,"(40.89008, -8.59723)","(39.399872, -8.224454)"
50671,Fafe,Fafe,Portugal,Europe,Public,,NO,49351,2015,"(41.4508217, -8.1728619)","(39.399872, -8.224454)"
55325,Município de Águeda,Águeda,Portugal,Europe,Private,,NO,47729,2011,"(40.575302, -8.445822)","(39.399872, -8.224454)"
55319,Município de Lamego,Lamego,Portugal,Europe,Private,,NO,26691,2011,"(41.107622, -7.812896)","(39.399872, -8.224454)"
60588,City of Alba-Iulia,Alba-Iulia,Romania,Europe,Public,,NO,74000,2016,"(46.082337, 23.569027)","(45.943161, 24.96676)"
31174,Moscow Government,Moscow ,Russia,Europe,Public,C40,NO,12330126,2016,"(55.755826, 37.6173)","(61.52401, 105.318756)"
36032,Ville de Dakar,Dakar,Senegal,Africa,Public,C40,YES,2525000,2007,"(14.7645, -17.366)","(14.497401, -14.452362)"
59164,City of Ziguinchor,Ziguinchor,Senegal,Africa,Public,,NO,248264,2013,"(12.564148, -16.263982)","(14.497401, -14.452362)"
59168,Commune de Dioudoubou,Dioudoubou,Senegal,Africa,Public,,NO,455150097,,"(12.709511, -15.478916)","(14.497401, -14.452362)"
58323,Subotica,Subotica,Serbia,Europe,Private,,NO,141554,2017,"(46.100547, 19.665059)","(44.016521, 21.005859)"
49367,Freetown City,Freetown,Sierra Leone,Africa,Private,,YES,802639,2017,"(8.4657, -13.2317)","(8.4606, 11.7799)"
35993,Singapore Government,Singapore ,Singapore,South Asia and Oceania,Public,C40,NO,5600000,2016,"(1.352083, 103.819836)","(1.352083, 103.819836)"
43920,City of Ljubljana,Ljubljana,Slovenia,Europe,Public,,NO,288307,2016,"(46.056947, 14.505751)","(46.151241, 14.995463)"
31115,City of Johannesburg,Johannesburg,South Africa,Africa,Public,C40,NO,4900000,2016,"(-26.2041028, 28.0473051)","(-30.559482, 22.937506)"
35858,City of Cape Town,Cape Town,South Africa,Africa,Public,C40,NO,4012441,2016,"(-33.9253, 18.4239)","(-30.559482, 22.937506)"
35863,City of Durban,Durban,South Africa,Africa,Public,C40,NO,3700000,2016,"(-29.8586804, 31.0218404)","(-30.559482, 22.937506)"
35864,Ekurhuleni Metropolitan Municipality,Ekurhuleni ,South Africa,Africa,Public,,NO,3379104,2016,"(-26.1777, 28.3462)","(-30.559482, 22.937506)"
49360,Pretoria - Tshwane,Pretoria - Tshwane,South Africa,Africa,Public,C40,NO,3300000,2017,"(-25.746111, 28.188056)","(-30.559482, 22.937506)"
54575,Vhembe District Municipality,Vhembe,South Africa,Africa,Public,,NO,1294722,2011,"(-22.769551, 29.974053)","(-30.559482, 22.937506)"
49363,Nelson Mandela Bay Municipality,Nelson Mandela Bay ,South Africa,Africa,Public,,NO,1152115,2011,"(-33.745241, 25.568108)","(-30.559482, 22.937506)"
54579,Sekhukhune District Municipality,Sekhukhune ,South Africa,Africa,Public,,NO,1076840,2011,"(-24.83346, 29.974053)","(-30.559482, 22.937506)"
54559,Ugu District Municipality,Ugu ,South Africa,Africa,Public,,NO,722484,2011,"(-30.621797, 30.251273)","(-30.559482, 22.937506)"
37261,City of Pietermaritzburg,Pietermaritzburg,South Africa,Africa,Public,,NO,618536,2011,"(-29.600607, 30.379412)","(-30.559482, 22.937506)"
31187,Seoul Metropolitan Government,Seoul ,South Korea,East Asia,Public,C40,NO,10204000,2016,"(37.566535, 126.9779692)","(35.907757, 127.766922)"
31186,Changwon City,Changwon ,South Korea,East Asia,Public,C40,NO,1063907,2016,"(35.154167, 126.949167)","(35.907757, 127.766922)"
31171,Ayuntamiento de Madrid,Madrid,Spain,Europe,Public,C40,NO,3165883,2016,"(40.1076253, -3.3875673)","(40.463667, -3.74922)"
1499,Ajuntament de Barcelona,Barcelona,Spain,Europe,Public,C40,NO,1608746,2016,"(41.382271, 2.177506)","(40.463667, -3.74922)"
35887,Ajuntament de Valencia,Valencia,Spain,Europe,Public,,YES,787266,2017,"(39.4699, -0.3763)","(40.463667, -3.74922)"
46473,City of Zaragoza,Zaragoza,Spain,Europe,Public,,NO,702564,2016,"(41.608629, -0.887012)","(40.463667, -3.74922)"
54498,Ayuntamiento de Murcia,Murcia,Spain,Europe,Public,,NO,439902,2015,"(37.799013, -1.00495)","(40.463667, -3.74922)"
63616,Abasan Al-Kabira Municipality,Abasan Al-Kabira,State of Palestine,South and West Asia,Public,,NO,30000,2015,"(31.323126, 34.344025)","(31.9522, 35.2332)"
3429,City of Stockholm,Stockholm,Sweden,Europe,Public,C40,NO,923516,2015,"(59.3293235, 18.0685808)","(60.128161, 18.643501)"
43940,Malmö Stad,Malmö,Sweden,Europe,Public,,YES,328494,2017,"(55.605, 13.0038)","(60.128161, 18.643501)"
54510,Umeå municipality,Umeå,Sweden,Europe,Public,,YES,122892,2017,"(63.8258, 20.263)","(60.128161, 18.643501)"
69823,Visby,Visby,Sweden,Europe,Public,,YES,23753,2016,"(57.6348, 18.2948)","(60.128161, 18.643501)"
35449,Stadt Zürich,Zürich,Switzerland,Europe,Public,,NO,415682,2016,"(47.3686498, 8.5391825)","(46.818188, 8.227512)"
31151,Basel-Stadt,Basel-Stadt,Switzerland,Europe,Public,C40,NO,198206,2016,"(47.5619, 7.5928)","(46.818188, 8.227512)"
59160,Ville de Nyon,Nyon,Switzerland,Europe,Public,,NO,20675,2016,"(46.383268, 6.234785)","(46.818188, 8.227512)"
56276,New Taipei City Government,New Taipei ,Taiwan,East Asia,Public,,NO,3970644,2016,"(25.0111, 121.4458)","(23.69781, 120.960515)"
31112,Kaohsiung City Government,Kaohsiung,Taiwan,East Asia,Public,,NO,2779371,2016,"(22.629705, 120.343804)","(23.69781, 120.960515)"
54389,Taichung City Government,Taichung,Taiwan,East Asia,Public,,YES,2750000,2016,"(24.161859, 120.646967)","(23.6978, 120.9605)"
31446,Taipei City Government,Taipei,Taiwan,East Asia,Public,,NO,2695704,2016,"(25.037525, 121.563782)","(23.69781, 120.960515)"
54395,Taoyuan City Government,Taoyuan,Taiwan,East Asia,Public,,NO,2153521,2017,"(24.993113, 121.301028)","(23.6978, 120.9605)"
54386,Tainan City Government,Tainan ,Taiwan,East Asia,Public,,NO,1886033,2016,"(22.9999, 120.2269)","(23.69781, 120.960515)"
57347,Pingtung County Government,Pingtung ,Taiwan,East Asia,Public,,NO,835792,2016,"(22.6558, 120.4703)","(23.69781, 120.960515)"
54390,Hsinchu County Government,Hsinchu County,Taiwan,East Asia,Public,,NO,537948,2015,"(24.8269, 121.0129)","(23.69781, 120.960515)"
61753,Yilan County Government,Yilan County,Taiwan,East Asia,Public,,NO,458117,2015,"(24.730918, 121.763222)","(23.6978, 120.9605)"
70247,Hsinchu City Government,Hsinchu City,Taiwan,East Asia,Public,,YES,438322,2017,"(24.807345, 120.968248)","(23.6978, 120.9605)"
31150,Bangkok Metropolitan Administration,Bangkok ,Thailand,South Asia and Oceania,Public,C40,NO,5696409,2015,"(13.787506, 100.710632)","(15.870032, 100.992541)"
31163,Istanbul Metropolitan Municipality,Istanbul ,Turkey,Europe,Public,C40,NO,14804116,2016,"(41.0082, 28.9784)","(38.963745, 35.243322)"
62868,Eskişehir Metropolitan Municipality,Eskişehir,Turkey,Europe,Public,,NO,826716,2012,"(39.766706, 30.525631)","(38.963745, 35.243322)"
44132,Bornova Municipality,Bornova ,Turkey,Europe,Public,,NO,438549,2016,"(35.2141598, 33.2947541)","(38.963745, 35.243322)"
73240,Tuzla Municipality,Tuzla,Turkey,Europe,Public,,YES,235000,2015,"(44.537461, 18.673469)","(38.963745, 35.243322)"
58866,Beşiktaş Belediyesi,Beşiktaş,Turkey,Europe,Public,,YES,200000,2014,"(41.074927, 29.019463)","(38.963745, 35.243322)"
36044,Seferihisar municipality,Seferihisar ,Turkey,Europe,Public,,NO,36000,2016,"(38.19515, 26.834402)","(38.963745, 35.243322)"
35755,Village of Kadiovacik,Kadiovacik,Turkey,Europe,Public,,NO,218,2017,"(38.3434574, 26.553613)","(38.963745, 35.243322)"
62845,Jinja Municipal Council,Jinja ,Uganda,Africa,Public,,NO,76057,2014,"(0.45021, 33.194542)","(1.373333, 32.290275)"
43938,"The Executive Council, Govt of Dubai",Dubai,United Arab Emirates,South and West Asia,Private,C40,NO,2689600,2016,"(25.204849, 55.270783)","(23.424076, 53.847818)"
3422,Greater London Authority,London ,United Kingdom,Europe,Public,C40,NO,8600000,2015,"(51.504858, -0.078689)","(55.378051, -3.435973)"
35898,Greater Manchester,Manchester,United Kingdom,Europe,Public,,NO,2762000,2014,"(53.4575955, -2.1578377)","(55.378051, -3.435973)"
31055,Glasgow City Council,Glasgow,United Kingdom,Europe,Public,,NO,598830,2011,"(55.859272, -4.212783)","(55.378051, -3.435973)"
31052,City of Cardiff,Cardiff,United Kingdom,Europe,Public,,NO,354300,2014,"(51.481581, -3.17909)","(55.378051, -3.435973)"
54529,City of Leicester,Leicester,United Kingdom,Europe,Private,,NO,342627,2015,"(52.6333, -1.1333)","(55.378051, -3.435973)"
60116,Southampton City Council,Southampton,United Kingdom,Europe,Private,,YES,236900,2011,"(50.907417, -1.406502)","(55.378051, -3.4359873)"
54521,City of Bournemouth,Bournemouth,United Kingdom,Europe,Public,,NO,191400,2015,"(50.719164, -1.880769)","(55.378051, -3.435973)"
60104,Cambridge City Council,Cambridge,United Kingdom,Europe,Private,,NO,130907,2015,"(52.207725, 0.163533)","(55.378051, -3.435973)"
35893,City of Dar es Salaam,Dar es Salaam,United Republic of Tanzania,Africa,Public,C40,NO,4364541,2012,"(-6.792354, 39.208328)","(-6.369028, 34.888822)"
58596,Arusha City Council,Arusha ,United Republic of Tanzania,Africa,Public,,NO,416422,2012,"(-3.386925, 36.682993)","(-6.369028, 34.888822)"
60245,Mwanza City Council,Mwanza,United Republic of Tanzania,Africa,Public,,NO,412255,2016,"(-2.5164, 32.9175)","(-6.369, -34.8888)"
60652,Morogoro Municipal Council,Morogoro ,United Republic of Tanzania,Africa,Public,,NO,315866,2012,"(-6.8304, 37.6706)","(-6.369, -34.8888)"
42388,Intendencia de Montevideo,Montevideo,Uruguay,Latin America,Private,,NO,1379558,2015,"(-34.711189, -58.298746)","(-32.522779, -55.765835)"
3417,New York City,New York City,USA,North America,Public,C40,NO,8537673,2016,"(40.7127837, -74.0059413)","(37.09024, -95.712891)"
10894,City of Los Angeles,Los Angeles,USA,North America,Public,C40,NO,4030904,2016,"(34.0522342, -118.2436849)","(37.09024, -95.712891)"
3203,City of Chicago,Chicago,USA,North America,Public,C40,NO,2720546,2015,"(41.8781136, -87.6297982)","(37.09024, -95.712891)"
31108,City of Houston,Houston,USA,North America,Public,C40,NO,2296224,2015,"(29.7601927, -95.3693896)","(37.09024, -95.712891)"
31181,City of Philadelphia,Philadelphia,USA,North America,Public,C40,NO,1555072,2015,"(39.952335, -75.163789)","(37.09024, -95.712891)"
35874,City of Phoenix,Phoenix,USA,North America,Public,,NO,1537058,2015,"(33.4484, -112.074)","(37.09024, -95.712891)"
43905,City of San Antonio,San Antonio,USA,North America,Public,,NO,1469845,2015,"(29.4241, -98.4936)","(37.09024, -95.712891)"
35884,City of San Diego,San Diego,USA,North America,Public,,NO,1394928,2015,"(32.718146, -117.1701)","(37.09024, -95.712891)"
35860,City of Dallas,Dallas,USA,North America,Public,,NO,1257676,2013,"(32.7801399, -96.8004511)","(37.09024, -95.712891)"
35883,City of San José,San José,USA,North America,Public,,NO,1042094,2016,"(37.3382, -121.8863)","(37.09024, -95.712891)"
1184,City of Austin,Austin,USA,North America,Public,C40,NO,912791,2016,"(30.2672, -97.7431)","(37.09024, -95.712891)"
31182,City of San Francisco,San Francisco,USA,North America,Public,C40,NO,864816,2016,"(37.7749295, -122.4194155)","(37.09024, -95.712891)"
43907,City of Indianapolis,Indianapolis,USA,North America,Public,,NO,853000,2015,"(39.767625, -86.178469)","(37.09024, -95.712891)"
43910,City of Columbus,Columbus,USA,North America,Public,,NO,850106,2016,"(39.9611755, -82.9987942)","(37.09024, -95.712891)"
50549,City of Fort Worth,Fort Worth,USA,North America,Public,,NO,833000,2015,"(32.7555, -97.3308)","(37.09024, -95.712891)"
43914,City of Charlotte,Charlotte,USA,North America,Public,,NO,809958,2014,"(35.2271, -80.8431)","(37.09024, -95.712891)"
49333,"City of Louisville, KY","Louisville, KY",USA,North America,Public,,NO,763623,2015,"(38.196027, -85.678429)","(37.09024, -95.712891)"
35862,City of Detroit,Detroit,USA,North America,Public,,NO,688701,2013,"(42.331427, -83.0457538)","(37.09024, -95.712891)"
32550,City of Denver,Denver,USA,North America,Public,,NO,682545,2015,"(39.737567, -104.9847179)","(37.09024, -95.712891)"
31090,District of Columbia,"Washington, DC",USA,North America,Public,C40,NO,681170,2016,"(38.9071923, -77.0368707)","(37.09024, -95.712891)"
49335,Metropolitan Government of Nashville and Davidson County,Nashville and Davidson ,USA,North America,Public,,NO,678889,2015,"(36.1627, -86.7816)","(37.09024, -95.712891)"
49343,City of El Paso,El Paso,USA,North America,Private,,NO,674433,2013,"(31.7619, -106.485)","(37.09024, -95.712891)"
35268,City of Boston,Boston,USA,North America,Public,C40,NO,669469,2015,"(42.3584308, -71.0597732)","(37.09024, -95.712891)"
16581,City of Seattle,Seattle,USA,North America,Public,C40,NO,662400,2015,"(47.6062, -122.3321)","(37.09024, -95.712891)"
36410,City of Memphis,Memphis,USA,North America,Public,,NO,655700,2015,"(35.149534, -90.04898)","(37.09024, -95.712891)"
10495,City of Las Vegas,Las Vegas,USA,North America,Public,,NO,640174,2016,"(36.1699412, -115.1398296)","(37.09024, -95.712891)"
14874,"City of Portland, OR","Portland, OR",USA,North America,Public,C40,NO,619360,2014,"(45.52, -122.6819)","(37.09024, -95.712891)"
35853,City of Baltimore,Baltimore,USA,North America,Public,,NO,614664,2016,"(39.2903848, -76.6121893)","(37.09024, -95.712891)"
43908,City of Milwaukee,Milwaukee,USA,North America,Public,,NO,600155,2017,"(43.0389, -87.9065)","(37.09024, -95.712891)"
35878,City of Sacramento,Sacramento,USA,North America,Public,,NO,490712,2015,"(38.5816, -121.4944)","(37.09024, -95.712891)"
50551,City of Long Beach,Long Beach,USA,North America,Public,,NO,484958,2016,"(33.7701, -118.1937)","(37.09024, -95.712891)"
49344,City of Raleigh,Raleigh,USA,North America,Private,,NO,448635,2014,"(35.77959, -78.638179)","(37.09024, -95.712891)"
1093,City of Atlanta,Atlanta,USA,North America,Public,,NO,443775,2013,"(33.7489954, -84.3879824)","(37.09024, -95.712891)"
50560,City of Oakland,Oakland,USA,North America,Public,,NO,419000,2015,"(37.8044, -122.2708)","(37.09024, -95.712891)"
35870,City of Miami,Miami,USA,North America,Public,,NO,413892,2014,"(25.7617, -80.1918)","(37.09024, -95.712891)"
35879,City of Minneapolis,Minneapolis,USA,North America,Public,,NO,410939,2015,"(44.983334, -93.26667)","(37.09024, -95.712891)"
35859,City of Cleveland,Cleveland,USA,North America,Public,,NO,396815,2010,"(41.4993, -81.6944)","(37.09024, -95.712891)"
13067,City of New Orleans,New Orleans,USA,North America,Public,C40,NO,391495,2017,"(29.9511, -90.0715)","(37.09024, -95.712891)"
50399,City of Bakersfield,Bakersfield,USA,North America,Public,,YES,379100,2016,"(35.373292, -119.018712)","(37.09024, -95.712891)"
35393,City of St Louis,St Louis,USA,North America,Public,,NO,319294,2010,"(38.627, -90.1994)","(37.09024, -95.712891)"
35877,City of Pittsburgh,Pittsburgh,USA,North America,Public,,NO,305704,2016,"(40.4406248, -79.9958864)","(37.09024, -95.712891)"
50572,"City of Saint Paul, MN","Saint Paul, MN",USA,North America,Public,,YES,300353,2015,"(44.953703, -93.089958)","(37.09024, -95.712891)"
50566,City of Anchorage,Anchorage,USA,North America,Public,,YES,299000,2016,"(61.2181, -149.9003)","(37.09024, -95.712891)"
35857,City of Cincinnati,Cincinnati,USA,North America,Public,,NO,298550,2015,"(39.1031, -84.512)","(37.09024, -95.712891)"
50565,City of Toledo,Toledo,USA,North America,Private,,YES,287208,2016,"(41.6639, -83.5552)","(37.09024, -95.712891)"
50541,City of Greensboro,Greensboro,USA,North America,Public,,YES,287027,2017,"(36.072635, -79.791975)","(37.09024, -95.712891)"
43909,City of Orlando,Orlando,USA,North America,Private,,NO,269193,2015,"(28.5383, -81.3792)","(37.09024, -95.712891)"
50574,City of Plano,Plano,USA,North America,Private,,YES,259841,2016,"(33.019843, -96.698886)","(37.09024, -95.712891)"
50550,City of Buffalo,Buffalo,USA,North America,Public,,NO,258071,2015,"(42.8864, -78.8784)","(37.09024, -95.712891)"
54108,City of Durham,Durham,USA,North America,Public,,NO,250815,2015,"(35.994, -78.8986)","(37.09024, -95.712891)"
54128,City of Reno,Reno,USA,North America,Public,,NO,236995,2014,"(39.5296, -119.8138)","(37.09024, -95.712891)"
52894,City of Winston-Salem,Winston-Salem,USA,North America,Public,,NO,236642,2015,"(36.0999, -80.2442)","(37.09024, -95.712891)"
55799,"City of Arlington, VA","Arlington, VA",USA,North America,Public,,NO,220400,2016,"(37.226486, -76.002594)","(37.09024, -95.712891)"
49334,"City of Richmond, VA","Richmond, VA",USA,North America,Public,,NO,220289,2015,"(37.540725, -77.436048)","(37.09024, -95.712891)"
49342,City of Rochester,Rochester,USA,North America,Public,,NO,210563,2010,"(43.161, -77.6109)","(37.09024, -95.712891)"
55418,City of Huntington Beach,Huntington Beach,USA,North America,Public,,NO,202498,2016,"(33.6603, -117.9992)","(37.09024, -95.712891)"
31177,Salt Lake City,Salt Lake City,USA,North America,Public,,NO,192672,2015,"(40.7608, -111.891)","(37.09024, -95.712891)"
54048,City of Knoxville,Knoxville,USA,North America,Public,,NO,185291,2016,"(35.9606, -83.9207)","(37.09024, -95.712891)"
54046,City of Brownsville,Brownsville,USA,North America,Public,,NO,183887,2015,"(25.9017, -97.4975)","(37.09024, -95.712891)"
49327,City of Providence,Providence,USA,North America,Public,,NO,178562,2014,"(41.824, -71.4128)","(37.09024, -95.712891)"
53921,"City of Tempe, AZ","Tempe, AZ",USA,North America,Public,,YES,175826,2015,"(33.42551, -111.940005)","(37.09024, -95.712891)"
54057,City of Lancaster,Lancaster,USA,North America,Public,,NO,161000,2015,"(40.0379, -76.3055)","(37.09024, -95.712891)"
54066,City of Fort Collins,Fort Collins,USA,North America,Public,,YES,161000,2016,"(40.5853, -105.0844)","(37.09024, -95.712891)"
54078,City of Hayward,Hayward,USA,North America,Public,,NO,158985,2016,"(37.6689, -122.0808)","(37.09024, -95.712891)"
54075,City of Lakewood,Lakewood,USA,North America,Public,,NO,152589,2015,"(39.7047, -105.0814)","(37.09024, -95.712891)"
54085,City of Savannah,Savannah,USA,North America,Public,,NO,145674,2015,"(32.0835, -81.0998)","(37.09024, -95.712891)"
54082,City of Hollywood,Hollywood,USA,North America,Public,,NO,143000,2016,"(26.0112, -80.1495)","(37.09024, -95.712891)"
55419,City of Miramar,Miramar,USA,North America,Public,,NO,134037,2016,"(25.986076, -80.30356)","(37.09024, -95.712891)"
55415,"City of Columbia, SC","Columbia, SC",USA,North America,Public,,NO,133358,2015,"(34.0007, -81.0348)","(37.09024, -95.712891)"
59537,"City of Denton, TX","Denton, TX",USA,North America,Public,,YES,131044,2015,"(33.214841, -97.133068)","(37.09024, -95.712891)"
54100,"City of Columbia, MO","Columbia, MO",USA,North America,Public,,YES,119098,2017,"(38.951705, -92.334072)","(37.09024, -95.712891)"
54092,City of Ann Arbor,Ann Arbor,USA,North America,Public,,NO,117770,2015,"(42.2808, -83.743)","(37.09024, -95.712891)"
59540,"City of Elgin, IL","Elgin, IL",USA,North America,Public,,NO,110000,2010,"(42.060386, -88.26297)","(37.09024, -95.712891)"
55800,City of Cambridge,Cambridge,USA,North America,Public,,NO,109694,2014,"(45.601, -93.327333)","(37.09024, -95.712891)"
58511,"City of Richmond, CA","Richmond, CA",USA,North America,Public,,NO,107571,2013,"(37.9358, -122.3477)","(37.09024, -95.712891)"
54104,City of Boulder,Boulder,USA,North America,Public,,NO,107167,2015,"(40.0274, -105.2519)","(37.09024, -95.712891)"
55801,City of West Palm Beach,West Palm Beach,USA,North America,Public,,YES,106779,2016,"(26.715342, -80.053375)","(37.09024, -95.712891)"
58310,City of Roanoke,Roanoke,USA,North America,Public,,NO,98465,2013,"(37.271, -79.9414)","(37.09024, -95.712891)"
54102,City of Albany,Albany,USA,North America,Public,,NO,97856,2010,"(42.6526, -73.7562)","(37.09024, -95.712891)"
58668,"City of New Bedford, MA","New Bedford, MA",USA,North America,Public,,NO,94958,2015,"(41.6362, -70.9342)","(37.09024, -95.712891)"
54110,City of Santa Monica,Santa Monica,USA,North America,Public,,NO,92000,2014,"(34.0219, -118.4814)","(37.09024, -95.712891)"
63999,"City of Miami Beach, FL","Miami Beach, FL",USA,North America,Public,,NO,91732,2014,"_
(25.790654, -80.130045)","(37.09024, -95.712891)"
59631,"City of San Leandro, CA","San Leandro, CA",USA,North America,Public,,YES,88441,2015,"(37.72493, -122.156077)","(37.09024, -95.712891)"
54114,City of Asheville,Asheville,USA,North America,Public,,NO,87882,2014,"(35.5951, -82.5515)","(37.09024, -95.712891)"
58413,"City of Carmel, IN","Carmel, IN",USA,North America,Private,,NO,86946,2016,"(39.9784, -86.118)","(37.09024, -95.712891)"
58636,"City of Bellingham, WA","Bellingham, WA",USA,North America,Public,,NO,84000,2016,"(48.7519, -122.4787)","(37.09024, -95.712891)"
53959,"City of Fayetteville, AR","Fayetteville, AR",USA,North America,Public,,YES,82830,2016,"(36.082156, -94.171854)","(37.09024, -95.712891)"
58531,"City of Somerville, MA","Somerville, MA",USA,North America,Public,,NO,78900,2014,"(42.393449, -71.082647)","(37.09024, -95.712891)"
54111,City of Iowa City,Iowa ,USA,North America,Public,,NO,74220,2015,"(41.6611, -91.5302)","(37.09024, -95.712891)"
54113,City of Flagstaff,Flagstaff,USA,North America,Public,,NO,68667,2013,"(35.1992, -111.6311)","(37.09024, -95.712891)"
35274,"City of Portland, ME","Portland, ME",USA,North America,Public,,NO,66666,2014,"(43.6615, -70.2553)","(37.09024, -95.712891)"
54119,City of Palo Alto,Palo Alto,USA,North America,Public,,NO,66478,2017,"(37.4419, -122.143)","(37.09024, -95.712891)"
59552,"City of Davis, CA","Davis, CA",USA,North America,Public,,NO,65600,2010,"(38.544907, -121.740517)","(37.09024, -95.712891)"
59633,"City of Santa Cruz, CA","Santa Cruz, CA",USA,North America,Public,,YES,64220,2015,"(36.974117, -122.030796)","(37.09024, -95.712891)"
64014,City of Cupertino,Cupertino,USA,North America,Public,,YES,60572,2015,"(37.322998, -122.032182)","(37.09024, -95.712891)"
62864,"City of Lancaster, PA","Lancaster, PA",USA,North America,Public,,NO,60000,2016,"(40.037875, -76.305514)","(37.09024, -95.712891)"
59588,"Town of Chapel Hill, NC","Chapel Hill, NC",USA,North America,Public,,NO,59376,2014,"(35.9132, -79.0558)","(37.09024, -95.712891)"
58513,City of Medford,Medford,USA,North America,Public,,NO,57437,2014,"(42.3265, -122.8756)","(37.09024, -95.712891)"
58485,Abington Township,Abington ,USA,North America,Public,,NO,55310,2010,"(40.12408, -75.119511)","(37.09024, -95.712891)"
73295,"City of La Crosse, WI","La Crosse, WI",USA,North America,Public,,YES,51320,2010,"(43.8014, -91.2396)","(37.09024, -95.712891)"
59545,"City of Charlottesville, VA","Charlottesville, VA",USA,North America,Public,,NO,48210,2010,"(38.0293, -78.4767)","(37.09024, -95.712891)"
58409,Ciudad Autonoma de Cayey,Cayey,USA,North America,Public,,YES,48119,2010,"(18.1119, -66.166)","(37.09024, -95.712891)"
58621,Town of Blacksburg,Blacksburg,USA,North America,Public,,NO,44215,2015,"(37.2296, -80.4139)","(37.09024, -95.712891)"
2430,City of Burlington,Burlington,USA,North America,Public,,NO,42284,2015,"(44.4758825, -73.212072)","(37.09024, -95.712891)"
59697,"City of Lake Worth, FL","Lake Worth, FL",USA,North America,Public,,YES,35000,2017,"(26.6168, -80.0684)","(37.09024, -95.712891)"
58357,City of West Hollywood,West Hollywood,USA,North America,Public,,NO,34399,2010,"(34.09, -118.3617)","(37.09024, -95.712891)"
58530,"City of Northampton, MA","Northampton, MA",USA,North America,Public,,NO,28549,2010,"(42.304845, -72.614446)","(37.09024, -95.712891)"
49787,City of Benicia,Benicia,USA,North America,Public,,NO,27450,2014,"(38.049365, -122.1585777)","(37.09024, -95.712891)"
58590,"City of Easton, PA","Easton, PA",USA,North America,Public,,NO,26915,2015,"(40.6884, -75.2207)","(37.09024, -95.712891)"
58627,"City of Alton, IL","Alton, IL",USA,North America,Public,,NO,26581,2015,"(38.890604, -90.184276)","(37.09024, -95.712891)"
59705,"Town of Westport, CT","Westport, CT",USA,North America,Private,,NO,26516,2012,"(41.1415, -73.3579)","(37.09024, -95.712891)"
57616,"City of Lake Forest, IL","Lake Forest, IL",USA,North America,Public,,NO,19375,2010,"(42.258634, -87.840625)","(37.09024, -95.712891)"
58867,City of Wisconsin Rapids,Wisconsin Rapids,USA,North America,Public,,NO,18367,2010,"(44.3603, -89.839)","(37.09024, -95.712891)"
59563,"City of Takoma Park, MD","Takoma Park, MD",USA,North America,Public,,NO,17721,2013,"(38.9779, -77.0075)","(37.09024, -95.712891)"
59124,"City of Natchez, MS","Natchez, MS",USA,North America,Public,,YES,15500,2017,"(31.560444, -91.403171)","(37.09024, -95.712891)"
60656,"City of Piedmont, CA","Piedmont, CA",USA,North America,Public,,NO,11082,2013,"(37.8244, -122.2316)","(37.09024, -95.712891)"
61790,"City of Emeryville, CA","Emeryville, CA",USA,North America,Public,,NO,10570,2014,"(37.831316, -122.285247)","(37.09024, -95.712891)"
6192,"City of Fairfield, IA","Fairfield, IA",USA,North America,Public,,YES,9464,2010,"(41.007611, -91.963691)","(37.09024, -95.712891)"
52897,City of Aspen and Pitkin County,Aspen and Pitkin County,USA,North America,Public,,NO,8427,2010,"(39.195, -106.837)","(37.09024, -95.712891)"
55616,Los Altos Hills,Los Altos Hills,USA,North America,Public,,NO,7992,2016,"(37.3797, -122.1375)","(37.09024, -95.712891)"
14344,"City of Park City, UT","Park City, UT",USA,North America,Public,,NO,7873,2012,"(40.6461, -111.498)","(37.09024, -95.712891)"
59535,"Town of Vail, CO","Vail, CO",USA,North America,Public,,NO,5305,2010,"(39.6403, -106.3742)","(37.09024, -95.712891)"
73302,"City of Port Allen, LA","Port Allen, LA",USA,North America,Public,,YES,5150,2014,"(30.4475, -91.2073)","(37.09024, -95.712891)"
59595,"City of Brisbane, CA","Brisbane, CA",USA,North America,Public,,NO,4603,2015,"(37.6808, -122.4)","(37.09024, -95.712891)"
73293,"City of LaGrange, MO","LaGrange, MO",USA,North America,Public,,YES,931,2010,"(40.042824, -91.497654)","(37.09024, -95.712891)"
58871,"City of Salem, MA","Salem, MA",USA,North America,Public,,,42126,2016,"(42.51954, -70.896716)","(37.09024, -95.712891)"
31159,Alcaldía Metropolitana de Caracas,Caracas,Venezuela,Latin America,Public,C40,NO,3518590,2015,"(10.4696404, -66.8037185)","(6.42375, -66.58973)"
63607,Alcaldía de Córdoba,"Córdoba, Venezuela",Venezuela,Latin America,Public,,YES,35374,2011,"(7.5447, -72.2837)","(6.42375, -66.58973)"
31164,Ho Chi Minh City,Ho Chi Minh,Vietnam,South Asia and Oceania,Public,C40,NO,8244400,2015,"(10.762622, 106.660172)","(14.058324, 108.277199)"
31158,Hanoi City,Hanoi,Vietnam,South Asia and Oceania,Public,C40,NO,7558965,2015,"(21.0258, 105.814607)","(14.058324, 108.277199)"
61876,Mazabuka Municipal Council,Mazabuka,Zambia,Africa,Public,,NO,182205,2016,"(-15.861252, 27.749066)","(-13.133897, 27.849332)"
49359,City of Harare,Harare,Zimbabwe,Africa,Public,,NO,2424420,2017,"(-17.828432, 30.932822)","(-19.015438, 29.154857)"
73229,Masvingo,Masvingo,Zimbabwe,Africa,Private,,YES,87886,2012,"(-20.0792, 30.8384)","(-19.015438, 29.154857)"
69835,Municipalidad de Yala,Yala,Argentina,Latin America,Public,,YES,4811,2011,"43 130026
(41.112632, -112.051773)","(-38.416097, -63.616672)"
60328,Prefeitura de Pirenópolis,Pirenópolis,Brazil,Latin America,Private,,YES,24605,2016,"(-15.854543, -48.959511)","(-14.235004, -51.92528)"
43937,Wellington City Council,Wellington,New Zealand,South Asia and Oceania,Public,,NO,209102,2017,"(-41.2865, 174.7762)","(-40.900557, 174.885971)"
50371,Municipalidad de  Córdoba,Córdoba,Argentina,Latin America,Public,,NO,1560900,2015,"(-31.4201, -64.1888)","(-38.416097, -63.616672)"
60419,Municipalidad de Rio Grande,Rio Grande,Argentina,Latin America,Public,,NO,79765,2015,"(-53.786, -67.7002)","(-38.416097, -63.616672)"
